<?xml version="1.0" encoding="utf-8"?>
<items>
<item><name>神奇女侠</name><score>8.6</score></item>
<item><name>加勒比海盗5：死无对证</name><score>8.9</score></item>
<item><name>摔跤吧！爸爸</name><score>9.6</score></item>
<item><name>哆啦A梦：大雄的南极冰冰凉大冒险</name><score>8.7</score></item>
<item><name>迷失Z城</name><score>5.5</score></item>
<item><name>美好的意外</name><score>7.9</score></item>
<item><name>新木乃伊</name><score>8.2</score></item>
<item><name>异星觉醒</name><score>7.8</score></item>
<item><name>荡寇风云</name><score>8.2</score></item>
<item><name>三只小猪2</name><score>7.2</score></item>
<item><name>“吃吃”的爱</name><score>7.5</score></item>
<item><name>我的爸爸是国王</name><score>7.7</score></item>
<item><name>诡异酒楼</name><score>6.3</score></item>
<item><name>29+1</name><score>7.1</score></item>
<item><name>临时演员</name><score>8.2</score></item>
<item><name>李雷和韩梅梅</name><score>7.1</score></item>
<item><name>夏天19岁的肖像</name><score>8.1</score></item>
<item><name>惊门</name><score>6.9</score></item>
<item><name>银河护卫队2</name><score>8.6</score></item>
<item><name>重返·狼群</name><score>8.6</score></item>
<item><name>速度与激情8</name><score>9.3</score></item>
<item><name>蓝精灵：寻找神秘村</name><score>8.6</score></item>
<item><name>功夫小兔侠</name><score>7.7</score></item>
<item><name>碟仙前传</name><score>6.7</score></item>
<item><name>麻辣学院</name><score>8.5</score></item>
<item><name>借眼</name><score>7.6</score></item>
<item><name>此情此刻</name><score>7</score></item>
<item><name>银河守卫队</name><score>7</score></item>
<item><name>我心雀跃</name><score>8</score></item>
<item><name>以爱为名</name><score>7.5</score></item>
<item><name>20：16</name><score>7.6</score></item>
<item><name>忠爱无言</name><score>7.5</score></item>
<item><name>碟仙之毕业照</name><score>7.1</score></item>
<item><name>龙骑侠</name><score>7.3</score></item>
<item><name>梦幻佳期</name><score>None</score></item>
<item><name>碟仙之毕业照</name><score>None</score></item>
<item><name>新木乃伊</name><score>None</score></item>
<item><name>忠爱无言</name><score>None</score></item>
<item><name>因为爱情</name><score>None</score></item>
<item><name>李雷和韩梅梅</name><score>None</score></item>
<item><name>异兽来袭</name><score>None</score></item>
<item><name>麻辣学院</name><score>None</score></item>
<item><name>失恋399年</name><score>None</score></item>
<item><name>我心雀跃</name><score>None</score></item>
</items>