utf-8编码
<items>
	<item>
		<name>电影名</name>
		<cinema>影院名</cinema>
		<date>日期</date>
		<screenings>
			<value>
				<auditorium>放映厅名</auditorium>
				<time>开始时间</time>
				<price>价格，美团的因为反爬机制爬不到这一项</price>
				<remain>剩余座位百分比，只有糯米的有</remain>
				<language>语言，只有格瓦拉的有</language>
				<type>语言+是否3D，只有美团的有</type>
			</value>
			<value>......</value>
		</screenings>
	</item>
	<item>......</item>
</items>